City_ID,City,Country,Lat,Lng,Max Temp,Humidity,Cloudiness,Wind Speed,Current Description
0,Bam,IR,29.106,58.357,83.52,14,3,7.0,clear sky
1,Busselton,AU,-33.65,115.3333,53.74,67,42,5.32,scattered clouds
2,Kapaa,US,22.0752,-159.319,82.47,68,40,12.66,scattered clouds
3,Bluff,NZ,-46.6,168.3333,44.8,75,11,20.45,few clouds
4,Caravelas,BR,-17.7125,-39.2481,71.31,61,100,7.7,overcast clouds
5,Tefe,BR,-3.3542,-64.7114,86.11,70,75,5.75,broken clouds
6,Vaini,TO,-21.2,-175.2,71.76,78,75,10.36,broken clouds
7,Hermanus,ZA,-34.4187,19.2345,52.81,71,41,23.73,light rain
8,Amazar,RU,53.858,120.875,54.84,93,11,0.81,few clouds
9,Mosquera,CO,4.7059,-74.2302,60.89,77,40,10.36,scattered clouds
10,Carnarvon,AU,-24.8667,113.6333,62.64,76,0,10.09,clear sky
11,Esperance,AU,-33.8667,121.9,56.25,79,70,20.54,light rain
12,Manaquiri,BR,-3.3167,-60.35,88.29,61,66,1.28,broken clouds
13,Port Alfred,ZA,-33.5906,26.891,54.09,85,21,6.58,few clouds
14,Yarim,YE,14.298,44.3779,59.43,69,100,0.6,overcast clouds
15,Tahe,CN,52.3333,124.7333,55.31,95,5,2.71,clear sky
16,Castanas,PH,13.8822,121.5517,77.18,89,100,4.7,overcast clouds
17,Mataura,NZ,-46.1927,168.8643,44.47,87,6,2.86,clear sky
18,Provideniya,RU,64.3833,-173.3,44.83,70,99,3.8,overcast clouds
19,Qaqortoq,GL,60.7167,-46.0333,45.59,99,100,3.67,light rain
20,Ushuaia,AR,-54.8,-68.3,38.86,45,0,13.8,clear sky
21,Bredasdorp,ZA,-34.5322,20.0403,47.98,81,75,14.97,broken clouds
22,Ilulissat,GL,69.2167,-51.1,44.19,65,100,1.54,overcast clouds
23,Crib Point,AU,-38.35,145.2,50.04,90,100,21.45,light rain
24,Nikolskoye,RU,59.7035,30.7861,62.8,69,97,3.6,overcast clouds
25,Bonthe,SL,7.5264,-12.505,77.59,81,85,8.84,overcast clouds
26,Richards Bay,ZA,-28.783,32.0377,67.95,80,100,2.62,overcast clouds
27,Itarema,BR,-2.9248,-39.9167,78.4,75,92,18.01,overcast clouds
28,Yellowknife,CA,62.456,-114.3525,72.12,43,20,11.5,few clouds
29,Carutapera,BR,-1.195,-46.02,77.85,82,60,7.92,broken clouds
30,San Andres,CO,12.5847,-81.7006,86.02,74,40,8.05,scattered clouds
31,Ribeira Grande,PT,38.5167,-28.7,76.82,85,8,7.87,clear sky
32,Avarua,CK,-21.2078,-159.775,75.25,83,75,4.61,broken clouds
33,Sao Filipe,CV,14.8961,-24.4956,76.33,82,98,11.16,light rain
34,Gorom-Gorom,BF,14.4439,-0.2361,92.7,42,53,8.97,broken clouds
35,Port Hedland,AU,-20.3167,118.5667,64.45,72,19,6.91,few clouds
36,Ponta Do Sol,PT,32.6667,-17.1,74.03,82,75,3.65,broken clouds
37,Lalin,ES,42.7167,-8.1167,60.85,96,7,1.28,clear sky
38,Puerto Escondido,MX,15.85,-97.0667,84.34,71,99,4.47,overcast clouds
39,Fortuna,US,40.5982,-124.1573,74.93,66,0,16.11,clear sky
40,Ambilobe,MG,-13.2,49.05,66.42,72,0,6.26,clear sky
41,Sampit,ID,-2.5333,112.95,71.85,98,99,2.53,light rain
42,Saint-Francois,FR,46.4154,3.9054,67.68,45,0,2.3,clear sky
43,Nanortalik,GL,60.1432,-45.2371,44.02,99,100,6.44,overcast clouds
44,Awjilah,LY,29.1081,21.2869,80.55,61,0,13.89,clear sky
45,Lebu,CL,-37.6167,-73.65,49.24,92,100,13.53,overcast clouds
46,Orlik,RU,52.5178,99.825,48.69,89,85,1.39,overcast clouds
47,Coquimbo,CL,-29.9533,-71.3436,58.73,77,0,11.5,clear sky
48,Ulagan,RU,50.6321,87.9563,51.57,92,94,1.66,overcast clouds
49,Samarai,PG,-10.6167,150.6667,79.11,85,83,4.59,broken clouds
50,Barrow,US,71.2906,-156.7887,33.82,93,100,9.22,overcast clouds
51,Jardim,BR,-21.4803,-56.1381,75.06,40,0,4.54,clear sky
52,Faanui,PF,-16.4833,-151.75,78.06,76,52,12.01,broken clouds
53,Nome,US,64.5011,-165.4064,51.87,76,100,10.36,overcast clouds
54,Taltal,CL,-25.4,-70.4833,59.36,77,58,7.07,broken clouds
55,Yar-Sale,RU,66.8333,70.8333,50.95,79,100,11.61,overcast clouds
56,Saint-Philippe,RE,-21.3585,55.7679,65.79,72,52,13.6,broken clouds
57,Sola,VU,-13.8833,167.55,77.67,89,75,0.0,broken clouds
58,Puerto Ayora,EC,-0.7393,-90.3518,76.96,90,99,10.0,overcast clouds
59,Cape Town,ZA,-33.9258,18.4232,53.89,78,75,5.99,broken clouds
60,Tuktoyaktuk,CA,69.4541,-133.0374,62.6,77,75,9.22,broken clouds
61,Moron,AR,-34.6534,-58.6198,67.93,74,7,5.99,clear sky
62,Punta Arenas,CL,-53.15,-70.9167,35.71,93,100,16.11,sleet
63,Key West,US,24.5557,-81.7826,89.6,65,40,6.91,scattered clouds
64,Verkhnetulomskiy,RU,68.6073,31.7962,44.73,76,73,4.74,broken clouds
65,Paragould,US,36.0584,-90.4973,86.86,57,15,1.81,few clouds
66,Huangnihe,CN,43.5583,128.0239,61.16,89,77,1.63,broken clouds
67,Mulatupo,PA,8.9492,-77.7652,83.32,72,48,4.5,scattered clouds
68,Kaeo,NZ,-35.1,173.7833,49.32,96,42,0.89,scattered clouds
69,Hobart,AU,-42.8794,147.3294,53.26,97,100,21.85,light rain
70,Mahebourg,MU,-20.4081,57.7,68.25,82,75,16.11,broken clouds
71,Thompson,CA,55.7435,-97.8558,71.76,30,0,0.0,clear sky
72,La Macarena,CO,2.1837,-73.7849,78.44,81,94,2.35,overcast clouds
73,Iskateley,RU,67.6803,53.1512,46.89,70,95,13.0,overcast clouds
74,Halifax,CA,44.6453,-63.5724,76.89,81,64,9.22,broken clouds
75,Mayo,US,38.8876,-76.5119,85.1,48,0,8.05,clear sky
76,Koulikoro,ML,14.0,-7.75,77.81,74,56,7.36,light rain
77,Grand Gaube,MU,-20.0064,57.6608,68.38,70,91,5.01,overcast clouds
78,Hasaki,JP,35.7333,140.8333,81.0,85,70,19.89,broken clouds
79,Owando,CG,-0.4819,15.8999,81.75,44,100,2.39,overcast clouds
80,Albany,US,42.6001,-73.9662,78.44,42,2,3.24,clear sky
81,Rawson,AR,-43.3002,-65.1023,62.89,36,0,23.02,clear sky
82,El Sauce,NI,12.8869,-86.539,85.86,66,99,3.53,overcast clouds
83,Baykit,RU,61.67,96.37,42.73,89,1,3.18,clear sky
84,Tasiilaq,GL,65.6145,-37.6368,34.99,64,6,5.79,clear sky
85,Dhidhdhoo,MV,6.8833,73.1,81.48,79,68,12.19,broken clouds
86,Bin Qirdan,TN,33.1378,11.2197,86.38,34,0,11.95,clear sky
87,Xuanhua,CN,40.6103,115.0447,72.21,98,100,7.96,light rain
88,Sitka,US,57.0531,-135.33,60.69,77,100,10.36,overcast clouds
89,Pop,UZ,40.8736,71.1089,73.89,30,0,4.94,clear sky
90,Kearney,US,40.6995,-99.0815,90.16,51,0,9.22,clear sky
91,Upernavik,GL,72.7868,-56.1549,44.98,73,100,4.92,overcast clouds
92,Brae,GB,60.3964,-1.353,56.03,95,68,6.6,broken clouds
93,Longyearbyen,SJ,78.2186,15.6401,42.64,81,75,9.22,broken clouds
94,Grindavik,IS,63.8424,-22.4338,51.75,81,75,5.75,broken clouds
95,Cidreira,BR,-30.1811,-50.2056,60.93,83,100,6.46,overcast clouds
96,Clyde River,CA,70.4692,-68.5914,39.43,100,100,14.97,overcast clouds
97,Mangalam,IN,9.7667,78.6667,84.58,60,96,2.21,overcast clouds
98,Rikitea,PF,-23.1203,-134.9692,72.91,79,49,22.21,light rain
99,Rivers,CA,50.0308,-100.2403,77.95,41,1,2.57,clear sky
100,Butaritari,KI,3.0707,172.7902,81.16,79,22,15.93,light rain
101,Vestmannaeyjar,IS,63.4427,-20.2734,48.92,90,100,11.63,overcast clouds
102,Lagoa,PT,39.05,-27.9833,75.11,88,0,10.96,clear sky
103,Avanigadda,IN,16.0215,80.9181,82.33,70,100,7.87,overcast clouds
104,Sobolevo,RU,54.4299,31.8996,62.73,91,97,7.61,overcast clouds
105,Shingu,JP,33.7333,135.9833,81.64,83,94,5.61,overcast clouds
106,Boa Vista,BR,2.8197,-60.6733,84.18,65,40,3.44,light rain
107,Noumea,NC,-22.2763,166.4572,73.0,99,70,10.36,broken clouds
108,East London,ZA,-33.0153,27.9116,58.06,85,86,10.04,overcast clouds
109,Labuhan,ID,-6.8844,112.2051,77.86,87,70,6.93,broken clouds
110,Shache,CN,38.4167,77.2406,73.71,52,82,6.58,broken clouds
111,Dakar,SN,14.6937,-17.4441,82.53,83,40,18.41,scattered clouds
112,Havre-Saint-Pierre,CA,50.2334,-63.5986,71.96,56,0,5.75,clear sky
113,Hami,CN,42.8,93.45,75.76,26,43,14.63,scattered clouds
114,Kushima,JP,31.4583,131.2333,81.41,86,71,4.18,broken clouds
115,Turukhansk,RU,65.8167,87.9833,51.19,55,98,13.69,overcast clouds
116,Bethel,US,41.3712,-73.414,78.67,50,75,11.5,broken clouds
117,Pustoshka,RU,56.3355,29.369,61.23,78,28,5.08,scattered clouds
118,Hofn,IS,64.2539,-15.2082,49.48,82,100,8.03,overcast clouds
119,Dingle,PH,10.9995,122.6711,76.64,91,99,1.99,overcast clouds
120,Mattru,SL,7.6244,-11.8332,73.13,92,95,2.01,light rain
121,Saskylakh,RU,71.9167,114.0833,45.28,66,57,3.78,broken clouds
122,Eyl,SO,7.9803,49.8164,77.99,70,11,24.61,few clouds
123,Navalmoral De La Mata,ES,39.8916,-5.5406,75.67,27,0,3.13,clear sky
124,Chuy,UY,-33.6971,-53.4616,55.85,92,10,5.91,clear sky
125,Bayir,TR,37.2687,28.2167,66.72,67,0,4.99,clear sky
126,Hamilton,US,39.1834,-84.5333,83.25,49,0,9.22,clear sky
127,Hithadhoo,MV,-0.6,73.0833,82.24,75,79,6.11,broken clouds
128,Shelburne,CA,44.0787,-80.2041,76.77,29,69,6.49,broken clouds
129,Cherskiy,RU,68.75,161.3,43.27,65,100,6.13,overcast clouds
130,Slave Lake,CA,55.2834,-114.769,78.78,61,0,6.91,clear sky
131,Hilo,US,19.7297,-155.09,89.28,77,72,1.99,broken clouds
132,Ahipara,NZ,-35.1667,173.1667,55.72,74,89,2.26,overcast clouds
133,Iqaluit,CA,63.7506,-68.5145,51.53,71,75,11.5,broken clouds
134,Port Elizabeth,ZA,-33.918,25.5701,47.32,99,40,6.91,scattered clouds
135,Hailar,CN,49.2,119.7,57.69,75,100,5.12,overcast clouds
136,Chuchkovo,RU,54.2693,41.4465,64.9,60,91,6.73,overcast clouds
137,Ancud,CL,-41.8697,-73.8203,45.93,79,32,22.5,light rain
138,Nazira,IN,26.9167,94.7333,75.87,97,58,2.89,broken clouds
139,Faya,SA,18.3851,42.4509,69.91,62,97,4.56,overcast clouds
140,Dikson,RU,73.5069,80.5464,45.0,100,100,6.96,overcast clouds
141,Bambanglipuro,ID,-7.95,110.2833,75.18,92,58,1.66,broken clouds
142,Mata,PT,40.683,-7.4592,63.77,87,0,5.5,clear sky
143,Banda Aceh,ID,5.5577,95.3222,78.51,78,90,7.63,overcast clouds
144,Constitucion,CL,-35.3333,-72.4167,52.83,91,72,7.74,broken clouds
145,Chernyshevskiy,RU,63.0128,112.4714,46.15,87,100,3.65,light rain
146,Tual,ID,-5.6667,132.75,80.1,79,48,21.43,scattered clouds
147,Kismayo,SO,-0.3582,42.5454,74.79,84,77,14.88,broken clouds
148,Souillac,MU,-20.5167,57.5167,66.58,82,75,16.11,broken clouds
149,Qaanaaq,GL,77.484,-69.3632,42.87,69,100,13.02,overcast clouds
150,Ballina,AU,-28.8667,153.5667,58.01,72,0,8.41,clear sky
151,Castro,BR,-24.7911,-50.0119,56.12,74,100,3.42,overcast clouds
152,Klaksvik,FO,62.2266,-6.589,52.72,87,100,8.81,overcast clouds
153,Avera,US,33.194,-82.5271,87.55,38,99,6.02,overcast clouds
154,Kotli Loharan,PK,32.5883,74.4932,87.69,84,32,1.01,smoke
155,Tuatapere,NZ,-46.1333,167.6833,41.27,72,2,4.27,clear sky
156,Tautira,PF,-17.7333,-149.15,77.23,78,75,14.65,light rain
157,Atuona,PF,-9.8,-139.0333,77.43,72,11,19.46,few clouds
158,Santa Isabel Do Rio Negro,BR,-0.4139,-65.0192,76.75,90,100,2.62,overcast clouds
159,Jamestown,US,42.097,-79.2353,75.02,50,0,11.5,clear sky
160,Kwinana,AU,-32.25,115.7667,50.18,60,41,7.94,scattered clouds
161,Okhotsk,RU,59.3833,143.3,57.79,95,100,5.32,light rain
162,Merauke,ID,-8.4667,140.3333,77.54,83,89,10.85,overcast clouds
163,Mar Del Plata,AR,-38.0023,-57.5575,59.02,60,0,17.0,clear sky
164,Huautla,MX,21.0333,-98.2833,90.28,41,100,9.86,overcast clouds
165,Cuiluan,CN,47.72,128.648,58.57,95,1,1.41,clear sky
166,Zhigansk,RU,66.7697,123.3711,48.49,76,100,13.67,overcast clouds
167,Cayenne,GF,4.9333,-52.3333,84.24,1,0,9.22,clear sky
168,Riyadh,SA,24.6877,46.7219,96.94,16,80,8.41,broken clouds
169,Narsaq,GL,60.9167,-46.05,46.9,96,100,2.35,light rain
170,Silver City,US,32.7701,-108.2803,73.36,70,75,13.8,light rain
171,Soyo,AO,-6.1349,12.3689,69.8,79,53,4.97,broken clouds
172,Rio Gallegos,AR,-51.6226,-69.2181,37.45,81,100,19.57,light rain
173,Totness,SR,5.8833,-56.3167,81.3,80,62,13.42,broken clouds
174,Mahon,ES,39.8885,4.2658,82.96,83,0,3.44,clear sky
175,Juneau,US,58.3019,-134.4197,63.21,88,100,14.97,overcast clouds
176,Talagang,PK,32.9297,72.4158,87.17,59,50,8.57,scattered clouds
177,Nemuro,JP,43.3236,145.575,67.14,98,100,9.55,light rain
178,Cap Malheureux,MU,-19.9842,57.6142,68.47,70,89,5.01,overcast clouds
179,Chokurdakh,RU,70.6333,147.9167,38.17,83,75,10.8,broken clouds
180,Arraial Do Cabo,BR,-22.9661,-42.0278,69.66,64,0,13.8,clear sky
181,Kruisfontein,ZA,-34.0033,24.7314,43.88,83,1,8.28,clear sky
182,Cockburn Town,TC,21.4612,-71.1419,84.16,70,40,9.22,scattered clouds
183,Seoul,KR,37.5683,126.9778,74.8,100,20,2.3,mist
184,Monte Patria,CL,-30.6919,-70.9467,65.7,39,0,4.81,clear sky
185,Portland,US,45.5234,-122.6762,81.57,47,20,7.0,few clouds
186,Sao Joao Da Barra,BR,-21.6403,-41.0511,71.69,63,2,13.67,clear sky
187,Caohai,CN,26.8661,104.2841,58.14,96,17,3.96,few clouds
188,College,US,64.8569,-147.8028,73.08,62,75,0.0,broken clouds
189,Daru,PG,-9.0763,143.2092,77.5,88,24,9.04,few clouds
190,Okakarara,NA,-20.5833,17.4333,54.93,27,0,8.81,clear sky
191,Aykhal,RU,66.0,111.5,45.52,82,100,6.89,overcast clouds
192,Konotop,UA,51.2403,33.2026,71.17,54,80,12.62,broken clouds
193,Isangel,VU,-19.55,169.2667,71.71,88,75,0.0,broken clouds
194,Vardo,NO,70.3705,31.1107,53.58,82,75,8.05,light intensity shower rain
195,Yulara,AU,-25.2406,130.9889,46.8,48,0,3.87,clear sky
196,Mezen,RU,65.8522,44.24,47.7,87,76,4.36,broken clouds
197,Darnah,LY,32.767,22.6367,79.72,74,0,18.12,clear sky
198,Chambersburg,US,39.9376,-77.6611,82.42,38,26,5.99,scattered clouds
199,Khasan,RU,42.4308,130.6434,66.18,90,65,3.44,broken clouds
200,Umm Kaddadah,SD,13.6017,26.6876,84.13,53,99,11.97,light rain
201,Pindi Bhattian,PK,31.8978,73.273,87.78,62,2,6.53,clear sky
202,Bengkulu,ID,-3.8004,102.2655,74.91,89,99,3.51,light rain
203,Baruun-Urt,MN,46.6806,113.2792,57.45,90,100,6.42,overcast clouds
204,New Norfolk,AU,-42.7826,147.0587,52.92,87,100,5.99,moderate rain
205,Hovd,MN,48.0056,91.6419,59.38,46,5,6.73,clear sky
206,Katsuura,JP,35.1333,140.3,80.62,84,63,23.38,light rain
207,Umm Lajj,SA,25.0213,37.2685,84.87,71,79,11.34,broken clouds
208,Port Hardy,CA,50.6996,-127.4199,64.58,88,75,4.61,broken clouds
209,Guerrero Negro,MX,27.9769,-114.0611,84.51,52,1,13.82,clear sky
210,Mamontovo,RU,52.7055,81.6244,64.35,54,68,11.97,broken clouds
211,Zhuhai,CN,22.2769,113.5678,82.11,94,40,4.61,scattered clouds
212,Vryburg,ZA,-26.9566,24.7284,53.46,46,4,6.85,clear sky
213,Olafsvik,IS,64.8945,-23.7142,49.14,76,26,4.92,light rain
214,Turner,US,44.2565,-70.2562,73.13,71,93,1.99,overcast clouds
215,Kijang,KR,35.2442,129.2139,82.13,85,64,6.55,broken clouds
216,Broome,US,42.2506,-75.833,78.67,38,20,8.05,few clouds
217,Nyrob,RU,60.733,56.7202,53.82,67,100,5.37,overcast clouds
218,Forestville,US,38.8451,-76.875,84.92,36,0,5.75,clear sky
219,Saint-Pierre,RE,-21.3393,55.4781,66.9,65,0,6.91,clear sky
220,Gogrial,SS,8.5332,28.1004,71.42,93,96,2.06,overcast clouds
221,Liuzhou,CN,24.3126,109.3892,77.16,92,18,3.09,few clouds
222,Saldanha,ZA,-33.0117,17.9442,51.85,65,55,15.39,broken clouds
223,Tabuk,PH,17.4189,121.4443,74.35,93,100,1.86,overcast clouds
224,Bogatyye Saby,RU,56.0102,50.4483,56.08,68,100,6.11,overcast clouds
225,Acajutla,SV,13.5928,-89.8275,83.1,78,76,6.42,broken clouds
226,Preobrazheniye,RU,42.9019,133.9064,67.98,82,0,2.57,clear sky
227,Port Blair,IN,11.6667,92.75,80.71,84,100,12.26,overcast clouds
228,Hatillo,PR,18.4863,-66.8254,87.19,74,3,7.0,clear sky
229,Kavaratti,IN,10.5669,72.642,81.07,79,100,12.88,overcast clouds
230,Victoria,HK,22.2855,114.1577,82.33,90,6,3.0,clear sky
231,Alofi,NU,-19.0595,-169.9187,75.09,60,100,10.36,overcast clouds
232,Moose Factory,CA,51.2585,-80.6094,62.6,82,100,5.75,overcast clouds
233,San Ramon,US,37.7799,-121.978,93.94,35,0,11.5,clear sky
234,Amapa,BR,1.0,-52.0,76.8,67,8,3.51,clear sky
235,Colares,PT,38.7992,-9.4469,70.29,71,25,13.0,scattered clouds
236,Ibra,OM,22.6906,58.5334,83.98,52,96,6.49,overcast clouds
237,Auch,FR,43.65,0.5833,73.45,89,85,5.41,overcast clouds
238,Sun Prairie,US,43.1836,-89.2137,73.47,74,37,8.88,scattered clouds
239,Broken Hill,AU,-31.95,141.4333,43.29,89,6,10.96,clear sky
240,Auburn Hills,US,42.6875,-83.2341,70.16,77,100,5.55,overcast clouds
241,Kaduqli,SD,11.0167,29.7167,72.41,92,100,4.99,light rain
242,Salalah,OM,17.0151,54.0924,75.0,98,100,8.95,light rain
243,Varkaus,FI,62.3153,27.873,56.3,63,75,4.83,broken clouds
244,Yiyang,CN,28.5892,112.3283,80.85,67,51,6.04,broken clouds
245,Ukiah,US,39.1502,-123.2078,98.44,27,0,5.99,clear sky
246,Waingapu,ID,-9.6567,120.2641,76.06,87,37,7.54,scattered clouds
247,Khandyga,RU,62.6667,135.6,59.76,81,58,1.97,broken clouds
248,Saint George,US,37.1041,-113.5841,88.39,45,0,7.0,clear sky
249,Jacala,MX,21.0167,-99.1833,78.98,46,89,9.24,overcast clouds
250,Severo-Kurilsk,RU,50.6789,156.125,55.81,96,100,9.1,overcast clouds
251,Neumunster,DE,54.0667,9.9833,74.07,65,61,3.0,broken clouds
252,Mount Darwin,ZW,-16.7725,31.5838,59.29,55,0,2.98,clear sky
253,Linxia,CN,35.6003,103.2064,67.78,86,100,1.66,moderate rain
254,Tiksi,RU,71.6872,128.8694,40.41,88,42,18.25,scattered clouds
255,Nouakchott,MR,18.0858,-15.9785,80.53,72,70,3.4,broken clouds
256,Sorland,NO,67.667,12.6934,51.66,82,74,16.49,broken clouds
257,Villazon,BO,-22.0866,-65.5942,57.09,9,59,11.83,broken clouds
258,Dunedin,NZ,-45.8742,170.5036,45.61,64,0,6.49,clear sky
259,Yarensk,RU,62.1675,49.0916,48.69,73,16,3.4,few clouds
260,Mount Gambier,AU,-37.8333,140.7667,45.99,95,13,5.97,few clouds
261,Belaya Gora,RU,68.5333,146.4167,41.18,90,100,13.06,overcast clouds
262,Imbituba,BR,-28.24,-48.6703,65.08,92,100,11.01,overcast clouds
263,Saint-Augustin,CA,51.226,-58.6502,68.76,65,78,6.49,broken clouds
264,Kaitangata,NZ,-46.2817,169.8464,43.2,75,5,10.49,clear sky
265,Huarmey,PE,-10.0681,-78.1522,65.28,77,36,9.95,scattered clouds
266,Norman Wells,CA,65.282,-126.8329,82.44,28,0,11.5,clear sky
267,Klyuchi,RU,52.2667,79.1667,68.13,46,100,13.27,overcast clouds
268,Lufilufi,WS,-13.8745,-171.5986,82.18,74,100,8.55,overcast clouds
269,Muli,MV,2.9167,73.5667,80.55,79,42,5.66,scattered clouds
270,Kodiak,US,57.79,-152.4072,56.71,82,100,8.05,overcast clouds
271,Araouane,ML,18.9048,-3.5265,98.89,27,7,5.59,clear sky
272,Talara,PE,-4.5772,-81.2719,74.16,68,0,12.66,clear sky
273,Roncesvalles,CO,4.0108,-75.6049,58.26,87,73,2.71,broken clouds
274,Shimanovsk,RU,52.0,127.7,58.46,86,63,1.01,broken clouds
275,Rio Grande,BR,-32.035,-52.0986,66.31,86,12,6.49,few clouds
276,Pevek,RU,69.7008,170.3133,34.3,80,81,6.98,broken clouds
277,Roebourne,AU,-20.7833,117.1333,68.81,61,31,5.7,light rain
278,Bambous Virieux,MU,-20.3428,57.7575,68.22,82,75,16.11,broken clouds
279,Belmonte,BR,-15.8631,-38.8828,72.19,72,78,13.31,broken clouds
280,Seguin,US,29.5688,-97.9647,100.6,43,99,12.33,overcast clouds
281,Palmer,US,42.1584,-72.3287,76.64,42,75,12.66,broken clouds
282,Jinchang,CN,38.4953,102.1739,72.54,48,100,4.27,overcast clouds
283,Pritzwalk,DE,53.1494,12.1741,66.34,75,97,7.38,overcast clouds
284,Port Lincoln,AU,-34.7333,135.8667,52.47,82,40,6.51,scattered clouds
285,Zambezi,ZM,-13.5432,23.1047,60.39,33,31,0.67,scattered clouds
286,Mumford,GH,5.2618,-0.759,74.19,87,89,16.11,overcast clouds
287,Firovo,RU,57.4814,33.7021,60.57,78,98,1.3,overcast clouds
288,San Patricio,US,28.017,-97.5169,94.15,54,99,9.46,overcast clouds
289,Waipawa,NZ,-41.4122,175.5153,45.54,70,3,3.09,clear sky
290,Balabac,PH,7.9868,117.0645,80.44,80,99,4.47,overcast clouds
291,Ahuimanu,US,21.4447,-157.8378,85.14,65,100,13.8,overcast clouds
292,Comodoro Rivadavia,AR,-45.8667,-67.5,53.46,47,40,17.27,light rain
293,Cabo San Lucas,MX,22.8909,-109.9124,93.61,69,40,12.66,scattered clouds
294,Mount Isa,AU,-20.7333,139.5,47.97,53,4,4.61,clear sky
295,Krasnokholmskiy,RU,55.9873,55.0466,52.03,71,32,5.61,scattered clouds
296,Alvaraes,BR,-3.2208,-64.8042,85.87,72,76,1.52,broken clouds
297,Olinda,BR,-8.0089,-34.8553,78.53,61,40,16.11,scattered clouds
298,Billings,US,45.7833,-108.5007,93.29,30,80,5.99,broken clouds
299,Bonavista,CA,48.6499,-53.1147,62.17,92,98,8.75,overcast clouds
300,Katobu,ID,-4.9408,122.5276,73.0,94,6,4.5,clear sky
301,Chipinge,ZW,-20.1883,32.6236,59.38,47,0,4.5,clear sky
302,Sabang,ID,5.8933,95.3214,82.0,73,79,10.36,broken clouds
303,Altamont,US,42.2068,-121.7372,87.4,12,0,1.01,clear sky
304,Sydney,AU,-33.8679,151.2073,52.9,71,75,10.36,broken clouds
305,Touros,BR,-5.1989,-35.4608,75.94,77,16,16.71,few clouds
306,Koungou,YT,-12.7336,45.2042,74.91,78,40,4.61,scattered clouds
307,Jumla,NP,29.2747,82.1838,60.22,92,34,2.37,scattered clouds
308,Banamba,ML,13.55,-7.45,77.59,76,16,6.6,light rain
309,Dubbo,AU,-32.25,148.6167,42.93,93,100,5.75,overcast clouds
310,Georgetown,MY,5.4112,100.3354,78.89,90,20,4.61,few clouds
311,Grumo Appula,IT,41.0135,16.7085,69.15,81,0,6.91,clear sky
312,Maningrida,AU,-12.0667,134.2667,65.32,86,15,10.11,few clouds
313,Isla Aguada,MX,18.7833,-91.4667,91.44,66,89,10.04,overcast clouds
314,Sinnamary,GF,5.3833,-52.95,80.74,76,75,14.58,broken clouds
315,Maniitsoq,GL,65.4167,-52.9,43.77,78,95,7.9,overcast clouds
316,Lorengau,PG,-2.0226,147.2712,82.36,71,100,6.55,overcast clouds
317,Turan,VN,16.0678,108.2208,78.78,89,20,1.14,few clouds
318,Bikin,RU,46.8161,134.26,62.17,97,100,1.95,overcast clouds
319,Kashi,CN,39.4547,75.9797,76.21,53,40,2.24,scattered clouds
320,Caranavi,BO,-15.8167,-67.55,70.75,64,33,2.91,scattered clouds
321,Morant Bay,JM,17.8815,-76.4093,83.82,73,80,9.04,light rain
322,Lincoln,US,40.8,-96.667,87.71,58,0,11.5,clear sky
323,Fort Nelson,CA,58.8053,-122.7002,80.19,54,20,0.0,few clouds
324,Troitskoye,RU,52.9821,84.6757,56.73,95,29,9.93,scattered clouds
325,Baglung,NP,28.2719,83.5898,71.13,91,96,2.1,overcast clouds
326,Antofagasta,CL,-23.65,-70.4,58.28,80,96,7.94,overcast clouds
327,Los Llanos De Aridane,ES,28.6585,-17.9182,69.55,91,0,13.8,clear sky
328,Bandarbeyla,SO,9.4942,50.8122,77.02,79,58,30.18,broken clouds
329,Oranjemund,NA,-28.55,16.4333,53.42,82,37,8.19,scattered clouds
330,Redlands,US,34.0556,-117.1825,105.08,24,40,10.36,scattered clouds
331,Duzce,TR,40.8389,31.1639,69.26,88,86,2.37,overcast clouds
332,Hambantota,LK,6.1241,81.1185,79.14,89,20,4.61,few clouds
333,Tabas,IR,33.5959,56.9244,81.23,17,0,6.11,clear sky
334,Carballo,ES,43.213,-8.691,65.89,89,2,4.07,clear sky
335,Kud,IN,33.0833,75.2833,63.16,86,79,3.38,broken clouds
336,Kassala,SD,15.451,36.4,78.44,76,100,11.74,overcast clouds
337,Marietta,US,33.9526,-84.5499,84.31,63,75,9.22,broken clouds
338,Chhatak,BD,25.0333,91.6667,79.74,82,75,2.57,broken clouds
339,Nizwa,OM,22.9333,57.5333,85.96,51,100,3.33,overcast clouds
340,Torbay,CA,47.6666,-52.7314,67.75,90,100,9.22,fog
341,Majene,ID,-3.5403,118.9707,76.23,87,39,6.46,scattered clouds
342,Trairi,BR,-3.2778,-39.2689,78.19,75,55,14.05,broken clouds
343,Talnakh,RU,69.4865,88.3972,51.21,60,97,9.33,overcast clouds
344,Hualmay,PE,-11.0964,-77.6139,63.61,77,19,10.04,few clouds
345,Markova,UA,48.6758,24.4138,59.65,94,68,3.67,broken clouds
346,Marienburg,PL,54.0359,19.0266,71.11,72,85,6.29,overcast clouds
347,Lasa,IT,46.6166,10.7002,65.28,78,77,2.21,broken clouds
348,Kigorobya,UG,1.6162,31.3089,66.49,86,81,3.09,light rain
349,Moctezuma,MX,29.8,-109.6667,93.54,41,47,5.93,scattered clouds
350,Magalia,US,39.8121,-121.5783,92.43,12,0,3.0,clear sky
351,Rantepao,ID,-2.9701,119.8978,64.78,97,69,1.86,light rain
352,Vila Franca Do Campo,PT,37.7167,-25.4333,77.2,93,9,3.85,clear sky
353,Sungaipenuh,ID,-2.0833,101.3833,64.47,97,93,2.19,overcast clouds
354,Tanete,ID,-3.9443,119.7848,72.01,93,77,4.29,heavy intensity rain
355,Yinchuan,CN,38.4681,106.2731,76.86,73,83,2.84,broken clouds
356,Camacha,PT,33.0833,-16.3333,69.22,88,40,10.36,scattered clouds
357,Lompoc,US,34.6391,-120.4579,93.02,62,0,14.97,clear sky
358,Kununurra,AU,-15.7667,128.7333,60.78,82,8,0.0,clear sky
359,Nago,JP,26.5881,127.9761,82.45,85,49,7.74,scattered clouds
360,Pazmand,HU,47.2876,18.6536,71.71,57,100,5.61,overcast clouds
361,Omboue,GA,-1.5746,9.2618,72.09,82,97,8.77,overcast clouds
362,Sao Gabriel Da Cachoeira,BR,-0.1303,-67.0892,76.8,94,75,5.75,light rain
363,La Ronge,CA,55.1001,-105.2842,71.85,53,40,6.91,scattered clouds
364,Alice Springs,AU,-23.7,133.8833,33.35,75,0,0.0,clear sky
365,Kungurtug,RU,50.5994,97.5228,48.18,92,99,1.74,overcast clouds
366,Nuuk,GL,64.1835,-51.7216,44.26,73,47,4.0,scattered clouds
367,Sembe,CG,1.6481,14.5806,72.03,74,100,3.33,overcast clouds
368,Lavrentiya,RU,65.5833,-171.0,39.97,69,87,15.01,overcast clouds
369,Karpogory,RU,64.0019,44.4451,45.95,88,7,1.68,clear sky
370,Ystad,SE,55.4297,13.8204,63.34,83,24,7.65,few clouds
371,Bijie,CN,27.3125,105.2942,63.99,96,31,4.45,scattered clouds
372,Loreto,MX,22.2667,-101.9667,77.92,35,99,9.44,overcast clouds
373,Praia,CV,14.9215,-23.5087,79.34,69,75,12.66,broken clouds
374,Mao,ES,39.8885,4.2658,82.96,83,0,3.44,clear sky
375,Siauliai,LT,55.9333,23.3167,64.42,82,0,4.61,clear sky
376,Ostrovnoy,RU,68.0531,39.5131,48.15,80,74,9.13,broken clouds
377,Khatanga,RU,71.9667,102.5,49.06,59,2,8.81,clear sky
378,Paamiut,GL,61.994,-49.6678,43.86,78,100,1.74,overcast clouds
379,Jackson,US,42.4165,-122.8345,90.75,22,0,5.75,clear sky
380,Ternovka,RU,51.678,41.6375,67.12,91,100,4.18,overcast clouds
381,Bathsheba,BB,13.2167,-59.5167,83.01,83,40,5.75,scattered clouds
382,Roald,NO,62.5833,6.1333,62.17,88,75,3.44,broken clouds
383,Yabrud,SY,33.9674,36.6574,67.55,51,0,1.32,clear sky
384,Bahar,IR,34.9072,48.4414,71.76,16,0,6.91,clear sky
385,Thunder Bay,CA,48.4001,-89.3168,69.78,64,20,8.05,few clouds
386,Deputatskiy,RU,69.3,139.9,36.97,94,100,4.72,overcast clouds
387,Tecoanapa,MX,16.5167,-98.75,85.51,66,91,7.74,overcast clouds
388,Salto,UY,-31.3833,-57.9667,63.75,88,0,6.91,clear sky
389,Coahuayana,MX,18.7333,-103.6833,82.99,78,82,6.06,broken clouds
390,Constantine,DZ,36.365,6.6147,83.61,23,0,2.3,clear sky
391,Kaniama,CD,-7.5667,24.1833,73.29,28,86,4.54,overcast clouds
392,Ariquemes,BR,-9.9133,-63.0408,86.09,39,3,1.86,clear sky
393,Nikki,BJ,9.9401,3.2108,72.39,96,100,5.73,overcast clouds
394,Maumere,ID,-8.6199,122.2111,77.56,82,17,1.77,few clouds
395,Evensk,RU,61.95,159.2333,60.94,76,100,2.08,overcast clouds
396,Tazovskiy,RU,67.4667,78.7,50.88,98,100,2.08,overcast clouds
397,Nioro,GM,13.35,-15.75,75.15,86,99,9.33,overcast clouds
398,Ojinaga,MX,29.5667,-104.4167,100.58,32,75,11.5,broken clouds
399,Nhulunbuy,AU,-12.2333,136.7667,70.41,94,46,6.91,scattered clouds
400,Nakamura,JP,32.9833,132.9333,80.98,87,82,2.3,broken clouds
401,Mendi,PG,-6.1761,143.6513,56.75,93,63,1.52,broken clouds
402,Newnan,US,33.3807,-84.7997,84.7,61,75,5.75,broken clouds
403,Morden,CA,49.1919,-98.1014,81.09,53,0,5.75,clear sky
404,Nyurba,RU,63.2842,118.3319,53.06,97,100,6.91,light rain
405,Beringovskiy,RU,63.05,179.3167,46.85,76,99,10.51,overcast clouds
406,Peniche,PT,39.3558,-9.3811,68.29,87,74,9.26,broken clouds
407,Gamba,GA,-2.65,10.0,69.87,86,67,6.2,broken clouds
408,Xichang,CN,27.8964,102.2634,64.78,92,11,1.7,few clouds
409,Gilgit,PK,35.9221,74.3087,82.47,56,41,1.77,scattered clouds
410,Gimli,CA,50.6336,-96.9907,81.73,50,54,5.88,broken clouds
411,Harper,LR,4.375,-7.7169,75.83,82,55,10.16,broken clouds
412,Kamenka,RU,51.3223,42.7678,67.86,89,100,9.53,overcast clouds
413,Mormugao,IN,15.4,73.8,78.44,86,100,13.6,overcast clouds
414,Flin Flon,CA,54.7682,-101.865,75.04,46,40,5.75,scattered clouds
415,Zhezkazgan,KZ,47.8043,67.7144,70.9,35,0,9.04,clear sky
416,Laguna,US,38.421,-121.4238,99.34,24,0,4.0,clear sky
417,Kelowna,CA,49.8831,-119.4857,86.65,29,0,11.5,clear sky
418,Naryan-Mar,RU,67.6713,53.087,47.05,69,96,13.06,overcast clouds
419,Camopi,GF,3.1655,-52.3158,78.89,60,88,5.17,overcast clouds
420,Kalabo,ZM,-14.97,22.6814,65.19,26,5,3.98,clear sky
421,Ihosy,MG,-22.4,46.1167,59.47,87,73,6.53,broken clouds
422,Caronport,CA,50.4501,-105.8179,87.98,27,21,6.96,few clouds
423,Port-Cartier,CA,50.0334,-66.8654,71.82,69,89,1.9,overcast clouds
424,Piracuruca,BR,-3.9281,-41.7092,82.24,60,76,7.7,broken clouds
425,Khingansk,RU,49.1167,131.1833,55.81,96,11,1.36,few clouds
426,Sioux Lookout,CA,50.1001,-91.917,78.87,53,75,4.61,broken clouds
427,Yen Bai,VN,21.7,104.8667,76.17,96,83,1.28,broken clouds
428,Marsh Harbour,BS,26.5412,-77.0636,81.61,70,98,1.48,overcast clouds
429,Sorong,ID,-0.8833,131.25,77.4,89,96,7.78,overcast clouds
430,Udachnyy,RU,66.4167,112.4,48.45,81,100,9.01,overcast clouds
431,Selizharovo,RU,56.8519,33.4487,60.75,81,100,1.05,overcast clouds
432,Kawalu,ID,-7.3817,108.2082,71.01,98,97,0.98,overcast clouds
433,Mongu,ZM,-15.2484,23.1274,62.83,28,3,4.43,clear sky
434,North Bend,US,43.4065,-124.2243,81.25,100,1,1.01,clear sky
435,Jalu,LY,29.0331,21.5482,81.32,58,0,13.91,clear sky
436,Saint-Joseph,RE,-21.3667,55.6167,64.78,71,45,13.4,scattered clouds
437,Karratha,AU,-20.7377,116.8463,69.06,62,45,6.17,light rain
438,Three Hills,CA,51.7001,-113.2686,89.67,26,0,5.99,clear sky
439,Jiayuguan,CN,39.8167,98.3,70.97,38,98,8.41,overcast clouds
440,Airai,TL,-8.9266,125.4092,56.17,71,5,3.67,clear sky
441,Changji,CN,44.0167,87.3167,74.19,43,0,4.47,clear sky
442,Luderitz,NA,-26.6481,15.1594,53.53,79,16,7.61,few clouds
443,Sharan,RU,54.8167,54.0,58.01,62,86,5.41,overcast clouds
444,Makakilo City,US,21.3469,-158.0858,82.98,59,24,13.71,few clouds
445,Presidente Epitacio,BR,-21.7633,-52.1156,72.57,30,6,4.09,clear sky
446,San Rafael,AR,-34.6177,-68.3301,62.22,37,60,7.7,broken clouds
447,Yingcheng,CN,30.95,113.55,80.08,65,83,6.78,broken clouds
448,Mackay,AU,-21.15,149.2,63.68,74,52,6.93,broken clouds
449,Zhigalovo,RU,54.8097,105.1578,47.5,95,11,0.85,few clouds
450,Iquitos,PE,-3.7481,-73.2472,91.44,52,40,3.44,scattered clouds
451,Tondano,ID,1.3038,124.9112,66.29,95,87,3.18,overcast clouds
452,Komsomolskiy,UZ,40.4272,71.7189,74.12,46,0,4.61,clear sky
453,Teya,RU,60.3778,92.6267,48.63,75,74,2.82,broken clouds
454,Kemijarvi,FI,66.7131,27.4306,54.0,90,51,7.9,broken clouds
455,Mabaruma,GY,8.2,-59.7833,76.91,96,100,4.25,overcast clouds
456,Padang,ID,-0.9492,100.3543,77.92,87,99,2.19,overcast clouds
457,San Jose De Las Lajas,CU,22.9614,-82.1511,76.12,68,82,4.68,moderate rain
458,Kamina,CD,-8.7386,24.9906,66.45,30,31,2.73,scattered clouds
459,Rettikhovka,RU,44.1683,132.7669,63.48,96,7,2.19,clear sky
460,Chiang Klang,TH,19.2938,100.8617,73.08,99,84,0.83,broken clouds
461,Dargaville,NZ,-35.9333,173.8833,53.56,77,82,2.84,broken clouds
462,Fortuna Foothills,US,32.6578,-114.4119,105.69,31,0,8.05,clear sky
463,Bodinayakkanur,IN,10.0167,77.35,74.39,75,93,5.39,overcast clouds
464,Ambon,ID,-3.6954,128.1814,77.14,94,75,3.44,broken clouds
465,Baoro,CF,5.6667,15.9667,68.4,97,100,5.14,overcast clouds
466,Kavieng,PG,-2.5744,150.7967,81.73,74,100,8.93,overcast clouds
467,Buraydah,SA,26.326,43.975,95.45,18,2,9.44,clear sky
468,Chabahar,IR,25.2919,60.643,84.81,77,100,6.26,overcast clouds
469,Vostok,RU,46.4856,135.8833,60.96,75,95,1.63,light rain
470,Cotonou,BJ,6.3654,2.4183,76.98,88,20,12.66,few clouds
471,Djibo,BF,14.1022,-1.6306,92.34,43,69,4.07,broken clouds
472,Luwuk,ID,-0.9516,122.7875,76.14,89,83,4.7,broken clouds
473,Aksarka,RU,66.5606,67.7975,48.29,76,69,13.49,broken clouds
474,Vicksburg,US,32.3526,-90.8779,93.43,58,75,4.61,broken clouds
475,Bulgan,MN,48.8125,103.5347,53.15,96,100,4.52,overcast clouds
476,Kitimat,CA,54.0524,-128.6534,66.58,53,98,1.99,overcast clouds
477,Mount Pleasant,US,32.7941,-79.8626,87.06,61,20,12.66,few clouds
478,Puerto Ayacucho,VE,5.6639,-67.6236,77.97,85,82,3.4,broken clouds
479,Codrington,AU,-38.2667,141.9667,50.76,88,85,13.96,overcast clouds
480,Kribi,CM,2.95,9.9167,75.61,86,100,11.95,light rain
481,Mehamn,NO,71.0357,27.8492,49.95,93,100,10.36,overcast clouds
482,Oistins,BB,13.0667,-59.5333,82.49,83,40,5.75,scattered clouds
483,Margate,GB,51.3813,1.3862,73.11,64,2,3.0,clear sky
484,Banjar,ID,-8.19,114.9675,75.72,91,87,3.04,overcast clouds
485,Ixtapa,MX,20.7,-105.2,88.23,69,95,3.0,overcast clouds
486,Diego De Almagro,CL,-26.3667,-70.05,64.62,33,0,6.73,clear sky
487,Ayr,GB,55.4627,-4.6339,67.98,82,0,3.44,clear sky
488,Port-Gentil,GA,-0.7193,8.7815,75.16,83,40,9.22,scattered clouds
489,Novaya Bryan,RU,51.7159,108.2691,53.71,76,56,1.19,broken clouds
490,Tomatlan,MX,19.9333,-105.25,85.87,69,79,8.43,broken clouds
491,Mugur-Aksy,RU,50.35,90.5,48.52,79,84,5.79,broken clouds
492,Nisia Floresta,BR,-6.0911,-35.2086,80.98,82,80,12.62,broken clouds
493,Yulin,CN,22.6333,110.15,75.85,96,32,2.37,scattered clouds
494,Wanning,CN,18.8003,110.3967,78.58,88,38,3.83,scattered clouds
495,Geraldton,AU,-28.7667,114.6,48.61,93,34,11.5,scattered clouds
496,Goroka,PG,-6.0834,145.3873,63.41,89,70,0.54,broken clouds
497,Marathon,US,44.9,-89.7668,67.19,100,100,4.61,overcast clouds
498,Ponta Delgada,PT,37.7333,-25.6667,77.5,94,20,9.22,few clouds
499,Chiang Mai,TH,18.75,99.0,76.33,99,75,0.0,broken clouds
500,Boueni,YT,-12.9025,45.0761,75.18,71,3,6.93,clear sky
501,Krasnoselkup,RU,65.7,82.4667,50.52,68,76,10.92,broken clouds
502,Jasper,US,37.2001,-94.3502,97.0,49,43,1.01,scattered clouds
503,Cassilandia,BR,-19.1133,-51.7342,75.51,23,0,0.89,clear sky
504,Lamu,KE,-2.2717,40.902,73.83,87,55,15.19,broken clouds
505,Do Gonbadan,IR,30.3586,50.7981,82.49,34,0,0.0,clear sky
506,Shimoda,JP,34.6667,138.95,78.1,90,83,20.42,heavy intensity rain
507,Popondetta,PG,-8.7537,148.2534,78.78,75,75,0.96,broken clouds
508,Mayumba,GA,-3.432,10.6554,70.23,84,100,6.71,overcast clouds
509,Lensk,RU,60.7253,114.9278,48.0,95,73,3.09,broken clouds
510,Karasjok,NO,69.4719,25.5112,52.68,69,100,6.71,overcast clouds
511,Lampazos De Naranjo,MX,27.0167,-100.5167,95.95,33,87,12.77,overcast clouds
512,Viru,PE,-8.4167,-78.75,67.64,70,23,8.72,few clouds
513,Pasighat,IN,28.0667,95.3333,77.38,84,41,2.62,scattered clouds
514,Yanam,IN,16.7333,82.2167,75.52,97,100,11.21,light rain
515,Barra Do Bugres,BR,-15.0725,-57.1811,83.35,28,3,3.83,clear sky
516,Jiuquan,CN,39.7432,98.5174,73.29,37,100,9.6,overcast clouds
517,Tailai,CN,46.3833,123.4,66.97,67,100,3.62,overcast clouds
518,Portoviejo,EC,-1.05,-80.45,78.21,70,95,1.81,overcast clouds
519,Along,IN,28.1667,94.7667,73.49,89,17,0.98,few clouds
520,Gizo,SB,-8.103,156.8419,82.53,70,58,7.72,broken clouds
521,Basco,PH,20.4487,121.9702,84.31,76,83,7.43,broken clouds
522,Yuci,CN,37.6803,112.7319,76.75,78,20,4.47,few clouds
523,Coihaique,CL,-45.5752,-72.0662,39.15,81,100,3.44,light rain
524,Ponte San Nicolo,IT,45.3705,11.9211,72.81,66,74,3.0,broken clouds
525,Pilar,BR,-9.5972,-35.9567,76.93,85,38,4.83,scattered clouds
526,Boulsa,BF,12.6675,-0.5758,82.96,68,92,12.19,overcast clouds
527,Dukat,RU,62.55,155.55,59.54,64,95,4.61,overcast clouds
528,Inirida,CO,3.8653,-67.9239,73.74,96,99,0.94,overcast clouds
529,Lazdijai,LT,54.2333,23.5167,62.08,75,10,7.4,clear sky
530,San Cristobal,VE,7.7669,-72.225,75.38,81,75,4.18,broken clouds
531,Aklavik,CA,68.2191,-135.0107,69.19,46,27,14.34,scattered clouds
532,Meulaboh,ID,4.1363,96.1285,78.57,83,89,0.49,overcast clouds
533,Nagato,JP,34.3833,131.2,80.67,89,95,9.84,overcast clouds
534,Hare Bay,CA,48.8499,-54.0148,74.55,85,56,6.17,broken clouds
535,Mandal,IN,25.45,74.5667,74.23,91,65,6.89,broken clouds
536,Tarko-Sale,RU,64.9225,77.785,55.56,92,100,6.78,light rain
537,Kristiinankaupunki,FI,62.2743,21.376,59.13,89,61,7.36,broken clouds
538,San Juan Del Rio,MX,20.3833,-100.0,77.32,40,100,13.22,overcast clouds
539,Bubaque,GW,11.2833,-15.8333,79.54,79,100,19.66,overcast clouds
540,Uvinza,TZ,-5.1036,30.3911,71.19,49,9,2.53,clear sky
541,Gorontalo,ID,0.5412,123.0595,74.3,94,61,3.22,broken clouds
542,Tazmalt,DZ,36.3868,4.3989,87.15,24,2,1.66,clear sky
543,Coihueco,CL,-36.6167,-71.8333,56.14,72,100,10.36,overcast clouds
544,Kuusamo,FI,65.9667,29.1833,53.64,82,100,8.05,overcast clouds
545,Vanimo,PG,-2.6741,141.3028,77.11,89,99,5.61,overcast clouds
546,Leningradskiy,RU,69.3833,178.4167,34.9,79,91,5.53,overcast clouds
547,Talcahuano,CL,-36.7167,-73.1167,55.08,94,100,13.8,overcast clouds
548,Kahului,US,20.8947,-156.47,84.85,72,8,8.99,clear sky
549,Bethanien,NA,-26.502,17.1583,44.78,62,43,7.27,scattered clouds
550,Asau,RO,46.4333,26.4,67.28,89,96,4.63,light rain
551,Fairbanks,US,64.8378,-147.7164,73.09,62,0,1.99,clear sky
552,Niquero,CU,20.0431,-77.5828,86.81,60,12,2.28,few clouds
553,Madaoua,NE,14.073,5.96,77.23,61,100,21.36,light rain
554,Manzhouli,CN,49.6,117.4333,61.72,67,100,4.21,light rain
555,Severo-Yeniseyskiy,RU,60.3725,93.0408,45.59,72,58,3.65,broken clouds
556,Kloulklubed,PW,7.0419,134.2556,72.1,75,100,5.93,overcast clouds
557,Tura,IN,25.5198,90.2201,74.52,93,100,5.26,overcast clouds
558,Chillicothe,US,39.3331,-82.9824,79.25,45,40,7.0,scattered clouds
559,Stepnyak,KZ,52.8339,70.7803,62.13,73,65,11.07,broken clouds
560,Zhanakorgan,KZ,43.9098,67.2495,79.66,31,0,9.35,clear sky
561,Bondoukou,CI,8.0333,-2.8,69.89,98,99,4.56,overcast clouds
562,West Wendover,US,40.7391,-114.0733,88.81,29,0,4.61,clear sky
563,Iaciara,BR,-14.0958,-46.6317,81.43,30,70,6.4,broken clouds
564,Larsnes,NO,62.2028,5.5773,60.44,91,99,4.34,overcast clouds
565,Pampa,US,35.5362,-100.9599,99.57,23,0,4.61,clear sky
566,Manokwari,ID,-0.8667,134.0833,77.92,78,97,1.23,overcast clouds
567,Jawad,IN,24.6,74.85,73.81,93,95,10.51,overcast clouds
568,Prince Rupert,CA,54.3161,-130.3201,62.69,85,100,14.97,overcast clouds
569,Skara,SE,58.3866,13.4384,63.75,67,98,0.96,overcast clouds
570,Santa Cruz,BO,-17.8,-63.1667,84.25,51,40,20.71,scattered clouds
571,Pierre,US,44.3683,-100.351,94.46,24,88,7.54,overcast clouds
572,Tolaga Bay,NZ,-38.3667,178.3,51.67,52,0,1.9,clear sky
573,Maldonado,UY,-34.6667,-54.9167,60.22,92,7,5.84,clear sky
574,Tamiahua,MX,21.2667,-97.45,87.06,62,100,14.14,overcast clouds
575,Tiznit,MA,29.5833,-9.5,76.69,56,68,1.28,broken clouds
576,Acapulco,MX,16.8634,-99.8901,84.74,70,91,6.31,overcast clouds
577,Nizhyn,UA,51.048,31.8869,69.04,60,75,10.38,broken clouds
578,Nawa,IN,27.0167,75.0,78.37,81,99,8.03,light rain
579,Olot,ES,42.181,2.4901,77.25,69,100,6.51,overcast clouds
580,Taoudenni,ML,22.6783,-3.9836,94.01,26,15,22.53,few clouds
581,Guaratinga,BR,-16.5667,-39.5667,69.37,65,100,6.89,overcast clouds
582,Mantua,IT,45.1667,10.7833,78.04,70,0,8.28,clear sky
583,Te Anau,NZ,-45.4167,167.7167,39.61,79,44,1.66,scattered clouds
584,Sterling,US,39.0062,-77.4286,84.85,38,0,8.99,clear sky
585,Illapel,CL,-31.6308,-71.1653,58.33,65,1,4.99,clear sky
586,Pontianak,ID,-0.0333,109.3333,71.58,94,100,3.44,light rain
587,Serebryanyy Bor,RU,56.8,124.8,53.15,94,100,1.9,overcast clouds
588,Kautokeino,NO,69.0125,23.0412,47.75,74,100,7.61,overcast clouds
589,Chicama,PE,-7.8447,-79.1469,61.34,68,16,9.4,few clouds
590,Ipixuna,BR,-1.7625,-48.8043,80.4,73,81,5.01,broken clouds
591,Turhal,TR,40.3875,36.0811,67.06,95,6,2.59,clear sky
592,Povenets,RU,62.8487,34.8262,55.9,68,94,2.08,overcast clouds
593,Kanniyakumari,IN,8.0833,77.5667,78.89,76,87,19.13,overcast clouds
594,Tromso,NO,69.6496,18.957,51.82,76,75,25.32,broken clouds
595,Clearwater,US,27.9659,-82.8001,90.14,66,40,8.99,scattered clouds
596,Dharampur,IN,20.5333,73.1833,75.97,92,100,9.82,overcast clouds
597,West Bay,KY,19.3667,-81.4167,89.01,72,40,6.91,scattered clouds
598,Quatre Cocos,MU,-20.2078,57.7625,68.09,72,81,17.6,broken clouds
599,Bouna,CI,9.2667,-3.0,69.58,98,97,4.5,overcast clouds
600,Betare Oya,CM,5.6,14.0833,66.92,98,100,4.05,overcast clouds
601,Garowe,SO,8.4054,48.4845,76.5,61,48,24.25,scattered clouds
602,Buala,SB,-8.145,159.5921,82.44,74,20,4.34,few clouds
603,Pahrump,US,36.2083,-115.9839,94.24,32,87,1.99,overcast clouds
604,Santa Maria,BR,-29.6842,-53.8069,67.3,68,0,4.61,clear sky
605,Adrar,MR,20.5022,-10.0711,94.37,30,1,8.52,clear sky
606,Irati,BR,-25.4672,-50.6511,56.01,85,100,1.36,overcast clouds
607,Batsfjord,NO,70.6345,29.7185,51.58,87,100,11.5,light rain
608,Lewiston,US,44.1003,-70.2148,73.63,68,97,0.27,overcast clouds
609,Dongsheng,CN,39.8161,109.9776,69.22,91,97,10.96,overcast clouds
610,Vila,PT,42.0304,-8.1588,56.28,93,1,1.7,clear sky
611,Eureka,US,40.8021,-124.1637,74.19,72,2,11.01,clear sky
612,Namatanai,PG,-3.6667,152.4333,80.74,72,100,5.28,overcast clouds
613,Mapastepec,MX,15.4333,-92.9,84.25,79,97,4.61,overcast clouds
614,Kilindoni,TZ,-7.9139,39.6668,75.63,76,10,16.46,clear sky
615,Mulchen,CL,-37.7167,-72.2333,51.66,94,100,11.18,light rain
616,Saint Anthony,US,45.0205,-93.218,69.85,68,100,10.36,overcast clouds
617,Pizarro,CO,4.9533,-77.366,79.59,81,89,6.38,overcast clouds
618,Yaan,NG,7.3833,8.5667,71.69,96,100,8.95,moderate rain
619,Danielskuil,ZA,-28.1887,23.5395,43.41,57,49,14.72,scattered clouds
620,Benghazi,LY,32.1167,20.0667,81.54,63,0,11.14,clear sky
621,Megion,RU,61.0296,76.1136,57.22,92,98,16.96,overcast clouds
622,Pitimbu,BR,-7.4706,-34.8086,77.59,74,67,17.6,broken clouds
623,Warri,NG,5.5167,5.75,75.15,89,100,6.89,overcast clouds
624,Shima,CN,24.4478,117.8111,80.62,88,46,0.85,scattered clouds
625,Fare,PF,-16.7,-151.0167,77.99,76,75,13.85,broken clouds
626,Axim,GH,4.8699,-2.2405,75.27,89,49,10.96,scattered clouds
627,Boissevain,CA,49.2306,-100.0559,77.5,34,0,4.81,clear sky
628,Oxelosund,SE,58.6706,17.1015,62.98,88,0,5.75,clear sky
629,Arazede,PT,40.2863,-8.65,66.04,95,16,2.62,few clouds
630,Hurghada,EG,27.2574,33.8129,89.64,27,0,13.8,clear sky
631,Agirish,RU,61.9247,63.0231,49.8,80,58,9.89,broken clouds
632,Pisco,PE,-13.7,-76.2167,64.02,82,0,10.36,clear sky
633,Muroto,JP,33.2833,134.15,83.19,81,90,8.55,overcast clouds
634,Darhan,MN,49.4867,105.9228,58.15,95,100,1.19,overcast clouds
635,Njeru,UG,0.4186,33.1731,65.8,82,100,5.28,overcast clouds
636,Kraslava,LV,55.8951,27.168,61.0,81,10,4.94,clear sky
637,Ramshir,IR,30.8946,49.4092,89.35,29,0,10.16,clear sky
638,Whyalla,AU,-33.0333,137.5833,47.62,88,3,9.4,clear sky
639,Chumikan,RU,54.7183,135.315,55.98,88,98,2.64,overcast clouds
640,Novichikha,RU,52.204,81.3877,62.24,59,27,11.79,scattered clouds
641,Kirakira,SB,-10.4544,161.9205,81.48,78,5,7.02,clear sky
642,Novyy Urengoy,RU,66.0833,76.6333,51.4,96,100,13.69,heavy intensity rain
643,Shwebo,MM,22.5667,95.7,76.93,84,95,9.1,overcast clouds
644,Nizhneivkino,RU,58.194,49.5214,54.05,77,8,3.94,clear sky
645,Miles City,US,46.4083,-105.8406,98.19,20,91,5.21,overcast clouds
646,Liuhe,CN,42.2401,125.7172,64.69,93,68,3.15,broken clouds
647,Porto Seguro,BR,-16.4497,-39.0647,73.92,64,75,6.91,broken clouds
648,Kathu,TH,7.9178,98.3332,76.82,78,5,6.6,clear sky
649,Nouadhibou,MR,20.931,-17.0347,75.18,78,20,9.22,few clouds
650,Yerbogachen,RU,61.2767,108.0108,45.43,83,92,1.45,overcast clouds
651,Tocantins,BR,-10.5,-48.0,86.29,30,29,2.89,scattered clouds
652,Longonjo,AO,-12.9067,15.2533,60.21,54,13,1.97,few clouds
653,Mogadishu,SO,2.0371,45.3438,76.01,84,54,15.7,broken clouds
654,Sabha,LY,27.0377,14.4283,88.3,25,0,17.49,clear sky
655,Haines Junction,CA,60.7522,-137.5108,71.55,46,72,9.22,broken clouds
656,Vrangel,RU,42.7297,133.0839,67.1,86,0,3.83,clear sky
657,Jinka,ET,5.65,36.65,65.41,74,92,1.07,overcast clouds
658,Jamnagar,IN,22.4667,70.0667,78.8,85,100,19.51,overcast clouds
659,Beloha,MG,-25.1667,45.05,65.03,64,0,5.86,clear sky
660,Sao Paulo De Olivenca,BR,-3.3783,-68.8725,78.85,84,73,3.44,light rain
661,Havoysund,NO,70.9963,24.6622,50.23,78,100,14.47,overcast clouds
662,Marawi,PH,7.9986,124.2928,69.39,92,87,4.5,overcast clouds
663,Gao,ML,16.6362,1.637,97.03,23,69,7.7,broken clouds
664,Krapkowice,PL,50.4752,17.9654,67.1,95,100,5.97,light rain
665,Arrecife,ES,28.963,-13.5477,73.38,78,20,16.11,few clouds
666,Inuvik,CA,68.3499,-133.7218,77.86,35,20,8.05,few clouds
667,Salinopolis,BR,-0.6136,-47.3561,79.56,80,74,14.34,broken clouds
668,Sept-Iles,CA,50.2001,-66.3821,72.12,63,20,5.75,few clouds
669,Wichita Falls,US,33.9137,-98.4934,100.26,36,54,1.99,broken clouds
670,Flinders,AU,-34.5833,150.8552,54.37,68,96,7.0,overcast clouds
671,Nicoya,CR,10.1483,-85.452,81.19,84,90,4.38,overcast clouds
672,Conceicao Da Barra,BR,-18.5933,-39.7322,70.59,58,99,6.42,overcast clouds
673,Cukai,MY,4.25,103.4167,77.0,90,100,2.35,overcast clouds
674,Strezhevoy,RU,60.7333,77.5889,53.35,98,99,9.17,overcast clouds
675,Rocha,UY,-34.4833,-54.3333,54.28,93,3,3.8,clear sky
676,Shiraz,IR,29.6036,52.5388,74.64,15,0,0.0,clear sky
677,Calabozo,VE,8.9242,-67.4293,80.44,83,100,3.33,overcast clouds
678,Xuddur,SO,4.1213,43.8894,72.28,70,96,19.6,overcast clouds
679,Ludvika,SE,60.1496,15.1878,64.2,74,5,2.62,clear sky
680,Robertsport,LR,6.7533,-11.3686,77.77,80,98,11.61,light rain
681,Loralai,PK,30.3705,68.598,76.95,60,91,3.27,moderate rain
682,Boke,GN,10.9409,-14.2967,72.14,98,100,4.47,overcast clouds
683,Ewa Beach,US,21.3156,-158.0072,84.4,59,20,15.01,few clouds
684,Andenes,NO,69.3143,16.1194,51.93,76,100,23.02,overcast clouds
685,Ust-Ilimsk,RU,58.0006,102.6619,46.09,83,14,1.7,few clouds
686,Honningsvag,NO,70.9821,25.9704,49.75,87,100,10.36,light rain
687,Raudeberg,NO,61.9875,5.1352,54.95,88,100,3.6,overcast clouds
688,Stolbishche,RU,55.6468,49.216,64.56,67,0,8.99,clear sky
689,Semnan,IR,35.5729,53.3971,78.93,31,0,2.19,clear sky
690,Ferrol,ES,43.4832,-8.2369,66.72,84,4,7.18,clear sky
691,Redmond,US,47.674,-122.1215,78.96,55,93,5.99,overcast clouds
692,Jaciara,BR,-15.9653,-54.9683,81.48,20,6,4.18,clear sky
693,Tamworth,GB,52.634,-1.6959,78.37,48,73,5.01,broken clouds
694,Sivakasi,IN,9.45,77.8167,83.62,51,95,4.21,overcast clouds
695,Kantang,TH,7.4054,99.5156,75.85,90,2,2.71,clear sky
696,Gasa,PS,31.5,34.4667,73.89,70,0,7.2,clear sky
697,Kensington,AU,-33.9167,151.2167,53.31,70,75,10.36,broken clouds
698,Boende,CD,-0.2167,20.8667,75.36,78,100,3.11,overcast clouds
699,Valparaiso,CL,-33.0393,-71.6273,66.43,70,0,9.22,clear sky
700,Batemans Bay,AU,-35.7167,150.1833,47.1,74,51,6.26,broken clouds
701,Alenquer,BR,-1.9417,-54.7383,85.1,46,70,1.45,broken clouds
702,Naze,JP,28.3667,129.4833,80.51,82,59,8.46,broken clouds
703,Zyryanka,RU,65.75,150.85,53.53,48,100,16.17,overcast clouds
704,Sur,OM,22.5667,59.5289,86.56,63,100,9.89,light rain
